/stopped-by-wild-job-seeker-after-work /blog/stopped-by-wild-job-seeker-after-work 301
/my-desk-setup-chronicle /blog/my-desk-setup-chronicle 301
/who-needs-a-brain-watching-short-dramas /blog/who-needs-a-brain-watching-short-dramas 301
/just-like-that-1-minute-plank /blog/just-like-that-1-minute-plank 301
/no-saved-drafts /blog/no-saved-drafts 301
/doraemon-comic-inferiority-to-transcendence /blog/doraemon-comic-inferiority-to-transcendence 301
/118-yuan-taxi-from-dameisha-to-work /blog/118-yuan-taxi-from-dameisha-to-work 301
/chatting-after-drinking /blog/chatting-after-drinking 301
/can-you-write-without-keyboard /blog/can-you-write-without-keyboard 301
/why-i-switched-from-immersive-translate-to-eudic /blog/why-i-switched-from-immersive-translate-to-eudic 301
/seeing-inoue-struggle-comforts-me /blog/seeing-inoue-struggle-comforts-me 301
/how-i-encouraged-others-to-write /blog/how-i-encouraged-others-to-write 301
/why-treat-yourself-worse /blog/why-treat-yourself-worse 301
/woken-up-by-cold-at-6am /blog/woken-up-by-cold-at-6am 301
/a-chat-with-a-child /blog/a-chat-with-a-child 301
/kb-sized-souvenir /blog/kb-sized-souvenir 301
/one-day-in-hong-kong /blog/one-day-in-hong-kong 301
/how-51s-clip-besieged-mediastorm-in-72h /blog/how-51s-clip-besieged-mediastorm-in-72h 301
/learning-dialectics-from-zhangge /blog/learning-dialectics-from-zhangge 301
/writing-tools-and-writing-itself /blog/writing-tools-and-writing-itself 301
/search-ability-talk /blog/search-ability-talk 301
/daily-trifles-pancake-gaming-call-walking /blog/daily-trifles-pancake-gaming-call-walking 301
/after-macbook-travel-save-money /blog/after-macbook-travel-save-money 301
/t1-win-pillowcase /blog/t1-win-pillowcase 301
/writing-for-the-universe /blog/writing-for-the-universe 301
/going-to-zhongshan-on-friday /blog/going-to-zhongshan-on-friday 301
/overtime-productivity /blog/overtime-productivity 301
/work-life-balance-harmful-idea /blog/work-life-balance-harmful-idea 301
/finally-got-article-spun /blog/finally-got-article-spun 301
/mosquito-magnet-resistance /blog/mosquito-magnet-resistance 301
/failure-unmarried-childfree-by-thirty /blog/failure-unmarried-childfree-by-thirty 301
/lidan-work-manual-review /blog/lidan-work-manual-review 301
/a-aicada-song-a-lol-autumn /blog/a-aicada-song-a-lol-autumn 301
/why-always-change-phones /blog/why-always-change-phones 301
/the-source-of-my-language /blog/the-source-of-my-language 301
/when-you-have-no-topic-ideas /blog/when-you-have-no-topic-ideas 301
/from-earth-to-the-flu-vaccine /blog/from-earth-to-the-flu-vaccine 301
/the-cost-of-retiring-back-home /blog/the-cost-of-retiring-back-home 301
/add-comments-to-blog /blog/add-comments-to-blog 301
/after-my-roommate-moved-out /blog/after-my-roommate-moved-out 301
/should-I-change-my-pillow /blog/should-I-change-my-pillow 301
/failed-web-novel-writer-dream /blog/failed-web-novel-writer-dream 301
/wet-cold-dry-cold-shenzhen /blog/wet-cold-dry-cold-shenzhen 301
/monday-apple-music /blog/monday-apple-music 301
/the-art-of-spending-money-review /blog/the-art-of-spending-money-review 301
/guilt-free-staying-home /blog/guilt-free-staying-home 301
/surviving-garbage-time /blog/surviving-garbage-time 301
/living-like-a-cantonese /blog/living-like-a-cantonese 301
/talk-with-quanzhou-driver /blog/talk-with-quanzhou-driver 301
/bought-another-yuandao-earphone /blog/bought-another-yuandao-earphone 301
/mi-fan-or-mi-critic /blog/mi-fan-or-mi-critic 301
/why-i-stopped-recommending-phones /blog/why-i-stopped-recommending-phones 301
/holiday-hotel-price-shock /blog/holiday-hotel-price-shock 301
/tim-luoyonghao-talk /blog/tim-luoyonghao-talk 301
/how-to-buy-second-hand-kindle /blog/how-to-buy-second-hand-kindle 301
/first-solo-trip-preparation-and-tips /blog/first-solo-trip-preparation-and-tips 301
/national-day-fujian-travelogue-part-6 /blog/national-day-fujian-travelogue-part-6 301
/national-day-fujian-travelogue-part-5 /blog/national-day-fujian-travelogue-part-5 301
/national-day-fujian-travelogue-part-4 /blog/national-day-fujian-travelogue-part-4 301
/national-day-fujian-travelogue-part-3 /blog/national-day-fujian-travelogue-part-3 301
/national-day-fujian-travelogue-part-2 /blog/national-day-fujian-travelogue-part-2 301
/national-day-fujian-travelogue-part-1 /blog/national-day-fujian-travelogue-part-1 301
/when-someone-who-dislikes-making-plans-decides-to-travel /blog/when-someone-who-dislikes-making-plans-decides-to-travel 301
/except-for-not-holding-onto-gold-my-September-was-nearly-perfect /blog/except-for-not-holding-onto-gold-my-September-was-nearly-perfect 301
/two-days-before-National-Day-my-heart-had-already-flown-to-Fujian /blog/two-days-before-National-Day-my-heart-had-already-flown-to-Fujian 301
/true-freedom-is-choosing-to-wear-ones-own-cage /blog/true-freedom-is-choosing-to-wear-ones-own-cage 301
/after-writing-an-article-with-100000-reads /blog/after-writing-an-article-with-100000-reads 301
/Why-I-Gave-Up-on-To-Do-List-Apps-and-Went-Back-to-Using-Sticky-Notes /blog/Why-I-Gave-Up-on-To-Do-List-Apps-and-Went-Back-to-Using-Sticky-Notes 301
/A-worker-obsession-with-rice-during-a-typhoon-day /blog/A-worker-obsession-with-rice-during-a-typhoon-day 301
/preparations-before-the-typhoon /blog/preparations-before-the-typhoon 301
/what-the-typhoon-taught-me-avoid-companies-that-hang-Virtue-Bears-All-Things-on-their-walls /blog/what-the-typhoon-taught-me-avoid-companies-that-hang-Virtue-Bears-All-Things-on-their-walls 301
/why-do-I-say-the-Kindle-can-still-last-another-8-years /blog/why-do-I-say-the-Kindle-can-still-last-another-8-years 301
/attended-my-first-book-sharing-event /blog/attended-my-first-book-sharing-event 301
/still-using-kindle-2025 /blog/still-using-kindle-2025 301
/setting-out-at-twenty-eight /blog/setting-out-at-twenty-eight 301
/reuse-Kindle /blog/reuse-Kindle 301
/how-can-self-media-ride-the-wave-of-trending-topics /blog/how-can-self-media-ride-the-wave-of-trending-topics 301
/writer-monday-blues /blog/writer-monday-blues 301
/how-does-clutter-devour-your-room-and-energy? /blog/how-does-clutter-devour-your-room-and-energy? 301
/driving-from-hongfa-temple -towards-the-void /blog/driving-from-hongfa-temple -towards-the-void 301
/do-serious-people-still-keep-diaries /blog/do-serious-people-still-keep-diaries 301
/should-I-buy-an-iPhone /blog/should-I-buy-an-iPhone 301
/MBTI-is-a-delicious-electronic-opium /blog/MBTI-is-a-delicious-electronic-opium 301
/why-do-young-people-go-to-big-cities /blog/why-do-young-people-go-to-big-cities 301
/lianhua-north-code /blog/lianhua-north-code 301
/my-great-former-colleague /blog/my-great-former-colleague 301
/happy-birthday-liangmouyin /blog/happy-birthday-liangmouyin 301
/redundancy-the-fig-leaf-of-articles /blog/redundancy-the-fig-leaf-of-articles 301
/military-parade-caffeine-intolerance /blog/military-parade-caffeine-intolerance 301
/shenzhen-office-worker-EDC /blog/shenzhen-office-worker-EDC 301
/when-an-excavator-operator-flees-from-Guizhou /blog/when-an-excavator-operator-flees-from-Guizhou 301
/life-marking-the-boat-to-find-the-lost-sword /blog/life-marking-the-boat-to-find-the-lost-sword 301
/has-the-overall-situation-turned-out-like-this /blog/has-the-overall-situation-turned-out-like-this 301
/unlocking-my-body-dashboard-14-day-CGM-trial /blog/unlocking-my-body-dashboard-14-day-CGM-trial 301
/read-show-your-work-i-am-right /blog/read-show-your-work-i-am-right 301
/google-gemini-flash-image-to-sticker /blog/google-gemini-flash-image-to-sticker 301
/luck-an-acquirable-skill /blog/luck-an-acquirable-skill 301
/reader-soul-searching-question /blog/reader-soul-searching-question 301
/meetup-shenzhen-friend /blog/meetup-shenzhen-friend 301
/old-book-go-new-book-come /blog/old-book-go-new-book-come 301
/no-read-book-died /blog/no-read-book-died 301
/900yuan-macbook-cockroach /blog/900yuan-macbook-cockroach 301
/Black-Myth-Wukong-one-year-later /blog/Black-Myth-Wukong-one-year-later 301
/paper-book-or-ebook /blog/paper-book-or-ebook 301
/recommend-three-video-bloggers /blog/recommend-three-video-bloggers 301
/after-reading-The-Fog-of-Human-Nature /blog/after-reading-The-Fog-of-Human-Nature 301
/first-time-applying-Hong-Kong-Macau-travel-permit /blog/first-time-applying-Hong-Kong-Macau-travel-permit 301
/mediastorm-tim-100-hours /blog/mediastorm-tim-100-hours 301
/phone-computer-first-response /blog/phone-computer-first-response 301
/why-do-we-write /blog/why-do-we-write 301
/When-peers-get-married /blog/When-peers-get-married 301
/shenzhen-2-years /blog/shenzhen-2-years 301
/weekend-cold /blog/weekend-cold 301
/make-money-buy-books /blog/make-money-buy-books 301
/you-not-friend /blog/you-not-friend 301
/work-bring-own-devices /blog/work-bring-own-devices 301
/reread-jiangnan /blog/reread-jiangnan 301
/a-smartphone-spell /blog/a-smartphone-spell 301
/back-to-the-floor /blog/back-to-the-floor 301
/weekend-haircut /blog/weekend-haircut 301
/reunion-on-a-rain-day /blog/reunion-on-a-rain-day 301
/to-be-that-person /blog/to-be-that-person 301
/reading-after-offline /blog/reading-after-offline 301
/meal-price-shift /blog/meal-price-shift 301
/one-hour-offline /blog/one-hour-offline 301
/the-fearless-young /blog/the-fearless-young 301
/reader-yuehui-meetup-shenzhen /blog/reader-yuehui-meetup-shenzhen 301
/life-without-a-house /blog/life-without-a-house 301
/my-first-room /blog/my-first-room 301
/the-problem-of-sharing-a-house /blog/the-problem-of-sharing-a-house 301
/beautiful-waste /blog/beautiful-waste 301
/macbook-after-8-years-windows /blog/macbook-after-8-years-windows 301
/rewatch-longmen-express /blog/rewatch-longmen-express 301
/250706-translate_ebook /blog/250706-translate_ebook 301
/250704-now /blog/250704-now 301
/250703-lixiaolai /blog/250703-lixiaolai 301
/250702-bought-six-items /blog/250702-bought-six-items 301
/250701-share-my-blog /blog/250701-share-my-blog 301
/250626-happiness /blog/250626-happiness 301
/250623-writing /blog/250623-writing 301
/250621-printer /blog/250621-printer 301
/250620-writing /blog/250620-writing 301
/250611-share-my-information-sources /blog/250611-share-my-information-sources 301
/250608-printer-read-later /blog/250608-printer-read-later 301
/250519-ai-write /blog/250519-ai-write 301
/why-cant-you-save-10k /blog/why-cant-you-save-10k 301
/250415-expression-ability-method /blog/250415-expression-ability-method 301
/250414-expression-ability-method /blog/250414-expression-ability-method 301
/250413-music /blog/250413-music 301
/250412-life-principle /blog/250412-life-principle 301
/250411-continue-to-create /blog/250411-continue-to-create 301
/goal-of-100k-yuan /blog/goal-of-100k-yuan 301
/working-from-home-on-weekend /blog/working-from-home-on-weekend 301
/after-paying-for-idm /blog/after-paying-for-idm 301
/self-repetition-in-writing /blog/self-repetition-in-writing 301
/knowledge-beyond-finance /blog/knowledge-beyond-finance 301
/240509-tools-and-purposes /blog/240509-tools-and-purposes 301
/240425-time-management /blog/240425-time-management 301
/240422-man /blog/240422-man 301
/240420-write /blog/240420-write 301
/240417-knowledge-management-curse /blog/240417-knowledge-management-curse 301
/240416-first-sentence-write /blog/240416-first-sentence-write 301
/240413-feynman-technique /blog/240413-feynman-technique 301
/240409-confusion-in-writing /blog/240409-confusion-in-writing 301
/240326-write /blog/240326-write 301
/240128-family /blog/240128-family 301
/230702-blog /blog/230702-blog 301
/blog/tweaking-my-blog-search-and-archivesi/ /blog/tweaking-my-blog-search-and-archives/ 301